Shane Ruman#7696,Crab,https://www.google.com/url?q=https://www.bushibuilder.com/l5r/deck/?deck%3D2b593e96-f530-11ea-83ff-020c407d2d9d%26public%3Dy&sa=D&ust=1600075363892000&usg=AFQjCNHgA7bX3WwF95MnRTQ38aOYAKfeyA
Connor#9625,Crab,https://www.google.com/url?q=https://www.bushibuilder.com/l5r/deck/?deck%3D9dfe568b-f4af-11ea-83ff-020c407d2d9d%26public%3Dy&sa=D&ust=1600075363892000&usg=AFQjCNGVVwGihpCFVtHfZWPWCmAExkeM6w
Dronon#9478,Crab,https://www.google.com/url?q=https://www.bushibuilder.com/l5r/deck/?deck%3D030f4b55-f530-11ea-83ff-020c407d2d9d%26public%3Dy&sa=D&ust=1600075363892000&usg=AFQjCNG9zLnlHSaz9H2kEEqdJVJXhTrrnw
SamuraiYan#3021,Crane,https://www.google.com/url?q=https://www.bushibuilder.com/l5r/deck/?deck%3D6a490959-f532-11ea-83ff-020c407d2d9d%26public%3Dy&sa=D&ust=1600075363892000&usg=AFQjCNHgT7EoYCXfKevk4fvscDl4v_XFtg
zarzuckett#6853,Crane,https://www.google.com/url?q=https://www.bushibuilder.com/l5r/deck/?deck%3Dfd4de60b-f530-11ea-83ff-020c407d2d9d%26public%3Dy&sa=D&ust=1600075363893000&usg=AFQjCNEecV4R_0j0QL1vGit6NMOnP0YXbA
Leniel#7974,Crane,https://www.google.com/url?q=https://www.bushibuilder.com/l5r/deck/?deck%3De7435877-f536-11ea-83ff-020c407d2d9d%26public%3Dy&sa=D&ust=1600075363893000&usg=AFQjCNHXVSdCZ321TwzLiK6R-Ti4n5BWRg
Ambiance#8753,Dragon,https://www.google.com/url?q=https://www.bushibuilder.com/l5r/deck/?deck%3Dcfdc4388-f3fc-11ea-83ff-020c407d2d9d%26public%3Dy&sa=D&ust=1600075363893000&usg=AFQjCNFqPhPyztAogKEDLbg62n46hQ44-w
Chaley#2202,Dragon,https://www.google.com/url?q=https://www.bushibuilder.com/l5r/deck/?deck%3D7159ef8e-f533-11ea-83ff-020c407d2d9d%26public%3Dy&sa=D&ust=1600075363893000&usg=AFQjCNHcBfhGTtqkd0elWDZ8vfoCj9VjUA
Lambershaspy#6015,Dragon,https://www.google.com/url?q=https://www.bushibuilder.com/l5r/deck/?deck%3D30269db2-f533-11ea-83ff-020c407d2d9d%26public%3Dy&sa=D&ust=1600075363893000&usg=AFQjCNFAaLQrZvuBgAYOskSAuko-_G-Z1Q
Ginawa#1132,Lion,https://www.google.com/url?q=https://www.bushibuilder.com/l5r/deck/?deck%3Da79f1fb7-f533-11ea-83ff-020c407d2d9d%26public%3Dy&sa=D&ust=1600075363893000&usg=AFQjCNEpXWnmRsNMEkklM3nzJJMQCYPtZA
Tenerim#1298,Lion,https://www.google.com/url?q=https://www.bushibuilder.com/l5r/deck/?deck%3Dc77feb0b-f533-11ea-83ff-020c407d2d9d%26public%3Dy&sa=D&ust=1600075363893000&usg=AFQjCNHDDxhVgsnP0LtkmH3j9tC_ZUFXow
SirVoltar#5928,Lion,https://www.google.com/url?q=https://www.bushibuilder.com/l5r/deck/?deck%3D9392fb88-f533-11ea-83ff-020c407d2d9d%26public%3Dy&sa=D&ust=1600075363894000&usg=AFQjCNE7suUkRW8UzrN9S6Xu-UaokVBz9Q
Travis Fights Dragons#1716,Phoenix,https://www.google.com/url?q=https://www.bushibuilder.com/l5r/deck/?deck%3D1157e6fc-f534-11ea-83ff-020c407d2d9d%26public%3Dy&sa=D&ust=1600075363894000&usg=AFQjCNHXJ-8ew3M549vety4RGVQYZbV4HQ
Infinight#7632,Phoenix,https://www.google.com/url?q=https://www.bushibuilder.com/l5r/deck/?deck%3De0c0af8a-f533-11ea-83ff-020c407d2d9d%26public%3Dy&sa=D&ust=1600075363894000&usg=AFQjCNGksUvq_CEvOHCghxmu99YpJYSHew
Shiba_Toku#9038,Phoenix,https://www.google.com/url?q=https://www.bushibuilder.com/l5r/deck/?deck%3Df17c43a6-f533-11ea-83ff-020c407d2d9d%26public%3Dy&sa=D&ust=1600075363894000&usg=AFQjCNEf3enu7MljR4qHrxGdpHL7u0VyOw
nakezuma#2791,Scorpion,https://www.google.com/url?q=https://www.bushibuilder.com/l5r/deck/?deck%3D3f638cd0-f534-11ea-83ff-020c407d2d9d%26public%3Dy&sa=D&ust=1600075363894000&usg=AFQjCNFZEVjQGyFrW0EXtP8DviyC8HGeNQ
villabriga#6348,Scorpion,https://www.google.com/url?q=https://www.bushibuilder.com/l5r/deck/?deck%3D2c7243bf-f534-11ea-83ff-020c407d2d9d%26public%3Dy&sa=D&ust=1600075363894000&usg=AFQjCNERK-i3Li2ngGxvDu_GoPdXwGUp0Q
TypHooN#1755,Scorpion,https://www.google.com/url?q=https://www.bushibuilder.com/l5r/deck/?deck%3D56e2ed93-f534-11ea-83ff-020c407d2d9d%26public%3Dy&sa=D&ust=1600075363895000&usg=AFQjCNERSjmx0n3N3n1qmekfckBbUZiw_g
Nomadic#4292,Unicorn,https://www.google.com/url?q=https://www.bushibuilder.com/l5r/deck/?deck%3D666f3ee4-f534-11ea-83ff-020c407d2d9d%26public%3Dy&sa=D&ust=1600075363895000&usg=AFQjCNG8kkP6Zw4aFJ7VOIbWCesT5s3ELg
levirexjones#0915,Unicorn,https://www.google.com/url?q=https://www.bushibuilder.com/l5r/deck/?deck%3Da05dad9b-f534-11ea-83ff-020c407d2d9d%26public%3Dy&sa=D&ust=1600075363895000&usg=AFQjCNHYyFZ7eYg1zUcupqbMaBvFaO0vnQ
Polyneikes#0147,Unicorn,https://www.google.com/url?q=https://www.bushibuilder.com/l5r/deck/?deck%3Dcd03df77-f534-11ea-83ff-020c407d2d9d%26public%3Dy&sa=D&ust=1600075363895000&usg=AFQjCNHAYz0Ii7qCV6r2PIApGN4Gy-6d8w
Zechstein#8155,Crab,https://www.google.com/url?q=https://fiveringsdb.com/strains/ba0c2786-e9fc-11ea-9d53-22d334ba48b8/view&sa=D&ust=1600075363896000&usg=AFQjCNHtMXZLQ1jfWadq4tWnz1WvwiJkEg
coyotte#5159,Crab,https://www.google.com/url?q=https://www.bushibuilder.com/l5r/deck/?deck%3D06966f31-f1b1-11ea-83ff-020c407d2d9d%26public%3Dy&sa=D&ust=1600075363896000&usg=AFQjCNF_VEKqvn1TcQBoINbxSB-Jn_hl-Q
Nuggetz#5638,Crab,https://www.google.com/url?q=https://fiveringsdb.com/strains/2607b39e-f2ea-11ea-9d53-22d334ba48b8/view&sa=D&ust=1600075363896000&usg=AFQjCNGGgVREozjygnkMxVGFe9Buey3KXg
Red Rabbit#9838,Crane,https://www.google.com/url?q=https://fiveringsdb.com/strains/9fbc5613-f1dd-11ea-9d53-22d334ba48b8/view&sa=D&ust=1600075363896000&usg=AFQjCNFiLYYxdYtoJzohohGRlhz3hx_W7w
Kakita_Takashi#3067,Crane,https://www.google.com/url?q=https://www.bushibuilder.com/l5r/deck/?deck%3D72250515-d827-11ea-83ff-020c407d2d9d%26public%3Dy&sa=D&ust=1600075363896000&usg=AFQjCNGS0VmAsUqzDpyou9hLHSvvkh2HIg
Gomes#9632,Crane,https://www.google.com/url?q=https://fiveringsdb.com/strains/bb441458-ec17-11ea-9d53-22d334ba48b8/view&sa=D&ust=1600075363896000&usg=AFQjCNEb4yrU0ECtLzohqwn2N5rY1y9Q1g
robertocotillas#5585,Dragon,https://www.google.com/url?q=https://www.bushibuilder.com/l5r/deck/?deck%3Dddad294a-f4cb-11ea-83ff-020c407d2d9d%26public%3Dy&sa=D&ust=1600075363897000&usg=AFQjCNGjdR72v8YXKfBZekD8zdTlJJN9-Q
merlintho#7349,Dragon,https://www.google.com/url?q=https://www.bushibuilder.com/l5r/deck/?deck%3Db7308b40-f456-11ea-83ff-020c407d2d9d%26public%3Dy&sa=D&ust=1600075363897000&usg=AFQjCNGSp0nKITpzpz1hb8eQvmzCvUiEDw
VonManson#6610,Dragon,https://www.google.com/url?q=https://www.bushibuilder.com/l5r/deck/?deck%3D323f6d3a-6c12-11ea-9a1a-020c407d2d9d%26public%3Dy&sa=D&ust=1600075363897000&usg=AFQjCNE4gDl8Rv3SVpgXJM0ufUPsPR0kfg
Courteous#3358,Lion,https://www.google.com/url?q=https://fiveringsdb.com/strains/7985d72f-e923-11ea-9d53-22d334ba48b8/view&sa=D&ust=1600075363897000&usg=AFQjCNHW5bieaqrbheN2PFCftZyVOwjQMw
kehda pahr#4387,Lion,https://www.google.com/url?q=https://www.bushibuilder.com/l5r/deck/?deck%3Df5d33fb6-de3e-11ea-83ff-020c407d2d9d%26public%3Dy&sa=D&ust=1600075363897000&usg=AFQjCNE1F15u6vbT5jnc7OtoTR9HQ2RKWw
Mog #2697,Lion,https://www.google.com/url?q=https://www.bushibuilder.com/l5r/deck/?deck%3De750c632-ee22-11ea-83ff-020c407d2d9d%26public%3Dy&sa=D&ust=1600075363898000&usg=AFQjCNFs4q66-6OFg6Q81KsnLP6zsAQ4ig
Zoh'nya#1337,Phoenix,https://www.google.com/url?q=https://www.bushibuilder.com/l5r/deck/?deck%3D9b2fbf16-f2e8-11ea-83ff-020c407d2d9d%26public%3Dy&sa=D&ust=1600075363898000&usg=AFQjCNGmMxg9Fpd7ueqjMYHyIM2yI6ZCdw
Shosuro Adorai #7575,Phoenix,https://www.google.com/url?q=https://www.bushibuilder.com/l5r/deck/?deck=10e46aff-f46c-11ea-83ff-020c407d2d9d&public=y/view&sa=D&ust=1600075363898000&usg=AFQjCNGIM4Tq91q9r4TDKjjVsiURue61xw
Darthair#4012,Phoenix,https://www.google.com/url?q=https://fiveringsdb.com/strains/9e262894-f437-11ea-9d53-22d334ba48b8/view&sa=D&ust=1600075363898000&usg=AFQjCNGIM4Tq91q9r4TDKjjVsiURue61xw
Bayushi Paneki #8578,Scorpion,https://www.google.com/url?q=https://www.bushibuilder.com/l5r/deck/?deck%3Dfe7d73ee-ee2c-11ea-83ff-020c407d2d9d%26public%3Dy&sa=D&ust=1600075363898000&usg=AFQjCNE4twIMnNeQow_dkFL61iDinK91Qw
☞Demagogue☜ #8792,Scorpion,https://www.google.com/url?q=https://www.bushibuilder.com/l5r/deck/?deck%3D04e5b1ea-f35f-11ea-83ff-020c407d2d9d%26public%3Dy&sa=D&ust=1600075363899000&usg=AFQjCNFqTwS_sJLjgy85syE0GgorFzlIiQ
Ender_Dreams #1578,Scorpion,https://www.google.com/url?q=https://www.bushibuilder.com/l5r/deck/?deck%3D85ef0e50-476f-11ea-aee0-020c407d2d9d%26public%3Dy&sa=D&ust=1600075363899000&usg=AFQjCNHO0N_l8wvRFC2OtP5sFX8amvPvtw
Anfalas#3010,Unicorn,https://www.google.com/url?q=https://www.bushibuilder.com/l5r/deck/?deck%3Db491b7c3-edde-11ea-83ff-020c407d2d9d%26public%3Dy&sa=D&ust=1600075363899000&usg=AFQjCNFlBJUQkWd64A_mSUQsc4rjSZRDVw
pudduk#6211,Unicorn,https://www.google.com/url?q=https://fiveringsdb.com/strains/992b6360-ef74-11ea-9d53-22d334ba48b8/view&sa=D&ust=1600075363899000&usg=AFQjCNE8hqyBhR-sSx3etEAdyic9O6XHWg
Shalassa #6611,Unicorn,https://www.google.com/url?q=https://www.bushibuilder.com/l5r/deck/?deck%3Dba8aac30-f495-11ea-83ff-020c407d2d9d%26public%3Dy&sa=D&ust=1600075363899000&usg=AFQjCNGB4yZShefE4-H5iSN9h9p-a5l5HQ
Daigotsu Kaikou#8609,Crab,https://www.google.com/url?q=https://www.bushibuilder.com/l5r/deck/?deck%3D9f23c7bb-cf77-11ea-83ff-020c407d2d9d%26public%3Dy&sa=D&ust=1600075363900000&usg=AFQjCNFtcrTR8Dp1PKIyvaE0bx--ToVSBg
3DCube#6430,Crab,https://www.google.com/url?q=https://www.bushibuilder.com/l5r/deck/?deck%3D5a4ff2a6-f515-11ea-83ff-020c407d2d9d%26public%3Dy&sa=D&ust=1600075363900000&usg=AFQjCNGP0hKaw3ach-IhoidjTfdNhL5mhA
Barta#4522,Crab,https://www.google.com/url?q=https://www.bushibuilder.com/l5r/deck/?deck%3Ddd3361ec-f51f-11ea-83ff-020c407d2d9d%26public%3Dy&sa=D&ust=1600075363900000&usg=AFQjCNGjVGChtUquUwPtZ5TJUE8hmQxeug
Osan#0068,Crane,https://www.google.com/url?q=https://www.bushibuilder.com/l5r/deck/?deck%3D6a2756b4-f58f-11ea-83ff-020c407d2d9d%26public%3Dy&sa=D&ust=1600075363900000&usg=AFQjCNGHxkckHx3GJ8n-AxbINdt5c7uR9w
magicalgirlmaho#8541,Crane,https://www.google.com/url?q=https://www.bushibuilder.com/l5r/deck/?deck%3Da84d351b-f4a1-11ea-83ff-020c407d2d9d%26public%3Dy&sa=D&ust=1600075363900000&usg=AFQjCNFJ3yeA2trYqLj14DlON_wG4Xi53g
Gulbrandr#4446,Crane,https://www.google.com/url?q=https://www.bushibuilder.com/l5r/deck/?deck%3D8834868e-f535-11ea-83ff-020c407d2d9d%26public%3Dy&sa=D&ust=1600075363900000&usg=AFQjCNFFbI0HTvj3IHHqsnkkw5e4fii4Ig
Kamacausey#6735,Dragon,https://www.google.com/url?q=https://bushibuilder.com/l5r/deck/?deck%3De49e6208-d5af-11ea-83ff-020c407d2d9d%26public%3Dy&sa=D&ust=1600075363900000&usg=AFQjCNEubXm3UKvZ2N0zNjMj8OcK3E2AdA
Insidious#3845,Dragon,https://www.google.com/url?q=https://www.bushibuilder.com/l5r/deck/?deck%3Dfeedefba-e2d5-11ea-83ff-020c407d2d9d%26public%3Dy&sa=D&ust=1600075363901000&usg=AFQjCNHxTuxf3NxmpLRZhtsTg3d-1X-B9A
dedlock#2473,Dragon,https://www.google.com/url?q=https://www.bushibuilder.com/l5r/deck/?deck%3D036ac94f-e3c0-11ea-83ff-020c407d2d9d%26public%3Dy&sa=D&ust=1600075363901000&usg=AFQjCNFt-vtYsgXqHrZU3bjQ3joR0dV08w
holyfieldbr#7822,Lion,https://www.google.com/url?q=https://www.bushibuilder.com/l5r/deck/?deck%3D62de414d-ea3a-11ea-83ff-020c407d2d9d%26public%3Dy&sa=D&ust=1600075363901000&usg=AFQjCNEWmzDXTlFYQzoJZvGynMlSEVt4FQ
Sanoshi#5021,Lion,https://www.google.com/url?q=https://bushibuilder.com/l5r/deck/?deck%3Db5d3d733-ee04-11ea-83ff-020c407d2d9d%26public%3Dy&sa=D&ust=1600075363901000&usg=AFQjCNF3pH5bLafVJmpfKjiFWPSpc-b-Pg
Suka Master Of Topdeck#9969,Lion,https://www.google.com/url?q=https://www.bushibuilder.com/l5r/deck/?deck%3Db4d51da7-f589-11ea-83ff-020c407d2d9d%26public%3Dy&sa=D&ust=1600075363901000&usg=AFQjCNHGx-X3sm56LyxLP-1m6keRnUSoHQ
LGB#7643,Phoenix,https://www.google.com/url?q=https://www.bushibuilder.com/l5r/deck/?deck%3Dd0bc2371-f389-11ea-83ff-020c407d2d9d%26public%3Dy&sa=D&ust=1600075363901000&usg=AFQjCNHMePBn5rYdy-zH93uHKwnvJezb5A
gzoymp#3804,Phoenix,https://www.google.com/url?q=https://www.bushibuilder.com/l5r/deck/?deck%3De1692e15-f52b-11ea-83ff-020c407d2d9d%26public%3Dy&sa=D&ust=1600075363902000&usg=AFQjCNE4122FCuMTC6scwu6iNcJN8tVqGA
Kungfoukios#2039,Phoenix,https://www.google.com/url?q=https://www.bushibuilder.com/l5r/deck/?deck%3D880dab42-f4e1-11ea-83ff-020c407d2d9d%26public%3Dy&sa=D&ust=1600075363902000&usg=AFQjCNE7xiAvaGk9Ft1qV86oD33KaDNbSA
Poogin#4183,Scorpion,https://www.google.com/url?q=https://www.bushibuilder.com/l5r/deck/?deck%3D5e1bfab2-f49c-11ea-83ff-020c407d2d9d%26public%3Dy&sa=D&ust=1600075363902000&usg=AFQjCNEmdt1W0u2yiJJVawW0hH5rHqdA6g
jairoe03#9086,Scorpion,https://www.google.com/url?q=https://www.bushibuilder.com/l5r/deck/?deck%3Dc607a811-e74d-11ea-83ff-020c407d2d9d%26public%3Dy&sa=D&ust=1600075363902000&usg=AFQjCNEYoE8c6t_-QUpmgc-WgeAx_ydjSg
Gwydion#2498,Scorpion,https://www.google.com/url?q=https://www.bushibuilder.com/l5r/deck/?deck%3D65402abd-f58c-11ea-83ff-020c407d2d9d%26public%3Dy&sa=D&ust=1600075363902000&usg=AFQjCNHbQ4qTySnbedVwzNWUthKDpagbJg
Notfragile#7860,Unicorn,https://www.google.com/url?q=https://www.bushibuilder.com/l5r/deck/?deck%3D4736e064-f591-11ea-83ff-020c407d2d9d%26public%3Dy&sa=D&ust=1600075363902000&usg=AFQjCNFuxpfWMFckq0yAGIiRkXXWa0LKhw
Rubixx#9913,Unicorn,https://www.google.com/url?q=https://www.bushibuilder.com/l5r/deck/?deck%3D61b8a219-f534-11ea-83ff-020c407d2d9d%26public%3Dy&sa=D&ust=1600075363903000&usg=AFQjCNEN_FPvrqZJivzT-uCNLMybl9lLuw
Akuma#0370,Unicorn,https://www.google.com/url?q=https://www.bushibuilder.com/l5r/deck/?deck%3D3699d6dd-e3eb-11ea-83ff-020c407d2d9d%26public%3Dy&sa=D&ust=1600075363903000&usg=AFQjCNG78fl9KXtu7ILjVFiqsoJFoIJejQ
MoZi#4938,Crab,https://www.google.com/url?q=https://www.bushibuilder.com/l5r/deck/?deck%3Ddec77327-edf0-11ea-83ff-020c407d2d9d%26public%3Dy&sa=D&ust=1600075363903000&usg=AFQjCNHpXmcJqrJOnXDhNJPeAadvPvD5-w
Michael McCormick#2670,Crab,https://www.google.com/url?q=https://www.bushibuilder.com/l5r/deck/?deck%3Df5e5c740-ec85-11ea-83ff-020c407d2d9d%26public%3Dy&sa=D&ust=1600075363903000&usg=AFQjCNHXZwgv36dkVHBcqRANj5V4lCjcNw
Clay#0684,Crab,https://www.google.com/url?q=https://www.bushibuilder.com/l5r/deck/?deck%3D404ca43c-f4c8-11ea-83ff-020c407d2d9d%26public%3Dy&sa=D&ust=1600075363904000&usg=AFQjCNFX-3Oc_1S6FAqIEYJGDKuhc1Xcpg
Kakita_Tamago#4529,Crane,https://www.google.com/url?q=https://fiveringsdb.com/strains/5eeb3edd-5761-11ea-89f6-22d334ba48b8/view&sa=D&ust=1600075363904000&usg=AFQjCNGmZpWDGuKv41t3nhWVy6JwFf3Myg
szuturon#2345,Crane,https://www.google.com/url?q=https://www.bushibuilder.com/l5r/deck/?deck%3D1af98dcc-f4ce-11ea-83ff-020c407d2d9d%26public%3Dy&sa=D&ust=1600075363904000&usg=AFQjCNG1FA2W1Bmg-7lsZodYfhL6J0w-Ow
foxhound#8176,Crane,https://www.google.com/url?q=https://www.bushibuilder.com/l5r/deck/?deck%3D211f6327-f578-11ea-83ff-020c407d2d9d%26public%3Dy&sa=D&ust=1600075363904000&usg=AFQjCNEc7BlbkWv9VFrtM4NXftsKriLYlg
Will#6831,Dragon,https://www.google.com/url?q=https://www.bushibuilder.com/l5r/deck/?deck%3Dc5b33841-f530-11ea-83ff-020c407d2d9d%26public%3Dy&sa=D&ust=1600075363904000&usg=AFQjCNFwUJDASKgF6F5L7mZ68Rm_dAYH3Q
suburbaknght#4584,Dragon,https://www.google.com/url?q=https://fiveringsdb.com/strains/6fa5588e-d8ce-11ea-9d53-22d334ba48b8/view&sa=D&ust=1600075363904000&usg=AFQjCNH6VtT-G5vZT82NaC7rqUkpueqMrA
lancerusso#9283,Dragon,https://www.google.com/url?q=https://www.bushibuilder.com/l5r/deck/?deck%3D69487064-f52d-11ea-83ff-020c407d2d9d%26public%3Dy&sa=D&ust=1600075363904000&usg=AFQjCNFFy42Rrex0HK2JWm5o3aCvYt_yOw
Handsome_Dan#8310,Lion,https://www.google.com/url?q=https://www.bushibuilder.com/l5r/deck/?deck%3Dafef22a7-f588-11ea-83ff-020c407d2d9d%26public%3Dy&sa=D&ust=1600075363905000&usg=AFQjCNFzqZjr8uvUDPeaz7OqzszTziW1uA
Wharrison#2991,Lion,https://www.google.com/url?q=https://www.bushibuilder.com/l5r/deck/?deck%3Db02f2baa-ec94-11ea-83ff-020c407d2d9d%26public%3Dy&sa=D&ust=1600075363905000&usg=AFQjCNHxphQkzVvG383vPiwEDawFwBFwRA
DruKun#0836,Lion,https://www.google.com/url?q=https://www.bushibuilder.com/l5r/deck/?deck%3D698a2f49-b253-11ea-9a1a-020c407d2d9d%26public%3Dy&sa=D&ust=1600075363905000&usg=AFQjCNEcEl07O_PGxYJhWnd3EzSm5UmUxw
SirLargeness#1019,Phoenix,https://www.google.com/url?q=https://www.bushibuilder.com/l5r/deck/?deck%3Dad48cf22-eead-11ea-83ff-020c407d2d9d%26public%3Dy&sa=D&ust=1600075363905000&usg=AFQjCNETS3tfRWT3Y8JMFyThvuzUsT05EA
Zack A- Tadaka Flocka flame#0463,Phoenix,https://www.google.com/url?q=https://www.bushibuilder.com/l5r/deck/?deck%3D45de33a9-d5d5-11ea-83ff-020c407d2d9d%26public%3Dy&sa=D&ust=1600075363905000&usg=AFQjCNH9UEc-2LvqkufxUDgmEWll3f109g
Sukoa Marda#3711,Phoenix,https://www.google.com/url?q=https://www.bushibuilder.com/l5r/deck/?deck%3D9190aee7-ae7b-11e9-a0a7-020c407d2d9d%26public%3Dy&sa=D&ust=1600075363906000&usg=AFQjCNHnGVLsX_iz2C7h4y051ZbQiLn51Q
AmmanasPL#2703,Scorpion,https://www.google.com/url?q=https://www.bushibuilder.com/l5r/deck/?deck%3D34901627-f52e-11ea-83ff-020c407d2d9d%26public%3Dy&sa=D&ust=1600075363906000&usg=AFQjCNEdchie7kLF3jPmeoSfuHnA0T2vCQ
Nivek#3686,Scorpion,https://www.google.com/url?q=https://www.bushibuilder.com/l5r/deck/?deck%3Dad0ab7b0-f4f9-11ea-83ff-020c407d2d9d%26public%3Dy&sa=D&ust=1600075363906000&usg=AFQjCNHC3BAm5beTNrfCdgBUFtorKPXGdQ
Shosuro Kiseki#0406,Scorpion,https://www.google.com/url?q=https://www.bushibuilder.com/l5r/deck/?deck%3D6e7f7554-db84-11ea-83ff-020c407d2d9d%26public%3Dy&sa=D&ust=1600075363906000&usg=AFQjCNHz3BJDP5m8CsVK0K-Eg8ST6bKQkg
Draz#0076,Unicorn,https://www.google.com/url?q=https://www.bushibuilder.com/l5r/deck/?deck%3D1987c699-f386-11ea-83ff-020c407d2d9d%26public%3Dy&sa=D&ust=1600075363906000&usg=AFQjCNEP6EGvjHmS3fkXt_9S5diE1lrqSw
Handsome_Rider#2492,Unicorn,https://www.google.com/url?q=https://www.bushibuilder.com/l5r/deck/?deck%3D5af56826-ef4a-11ea-83ff-020c407d2d9d%26public%3Dy&sa=D&ust=1600075363906000&usg=AFQjCNF92laKgbBqMePqiw6r1wKT6V-wsA
shey#5633,Unicorn,https://www.google.com/url?q=https://www.bushibuilder.com/l5r/deck/?deck%3D7eb441f8-f515-11ea-83ff-020c407d2d9d%26public%3Dy&sa=D&ust=1600075363906000&usg=AFQjCNEYdSEyOIuTlvD75hsEvVoG_dmolQ
Mirumoto Crichton#8950,Crab,https://www.google.com/url?q=https://www.bushibuilder.com/l5r/deck/?deck%3D8f861ab6-ec9c-11ea-83ff-020c407d2d9d%26public%3Dy&sa=D&ust=1600075363907000&usg=AFQjCNErptSAakjVFPYPLOkRPmzKEkFBRw
yoritomo takeru#9272,Crab,https://www.google.com/url?q=https://fiveringsdb.com/strains/cc710f02-e9c9-11ea-9d53-22d334ba48b8/view&sa=D&ust=1600075363907000&usg=AFQjCNGEUNrVlJpjkKcudNiYv7vFjtIAxg
IMABUNNEH#2691,Crab,https://www.google.com/url?q=https://fiveringsdb.com/strains/6efd0e11-edf3-11ea-9d53-22d334ba48b8/view&sa=D&ust=1600075363907000&usg=AFQjCNF1StGbCgoOhVUAULAeFR6cg49MWA
Djinncito#4373,Crane,https://www.google.com/url?q=https://www.bushibuilder.com/l5r/deck/?deck%3D2e063c88-dfcb-11ea-83ff-020c407d2d9d%26public%3Dy&sa=D&ust=1600075363907000&usg=AFQjCNH8PIABN7-KYZkiEnA1iSiYWGYEOQ
Hamertron#8912,Crane,https://www.google.com/url?q=https://www.bushibuilder.com/l5r/deck/?deck%3D6d402c90-a598-11ea-9a1a-020c407d2d9d%26public%3Dy&sa=D&ust=1600075363908000&usg=AFQjCNHl31IBN84pKoVx2swaAprVdG-Vww
acecase#3167,Crane,https://www.google.com/url?q=https://fiveringsdb.com/strains/4f69ba5f-de6a-11ea-9d53-22d334ba48b8/view&sa=D&ust=1600075363908000&usg=AFQjCNGkG2FImgh0vRMIABy95zP-u0Om0w
Steelfur#4075,Dragon,https://www.google.com/url?q=https://www.bushibuilder.com/l5r/deck/?deck%3D6f322614-f3b1-11ea-83ff-020c407d2d9d%26public%3Dy&sa=D&ust=1600075363908000&usg=AFQjCNHt5Vdpg1_Ufi7Xta3C2Kd9XgPJXw
yoeresel#8971,Dragon,https://www.google.com/url?q=https://www.bushibuilder.com/l5r/deck/?deck%3D1ca4b4b5-77e3-11ea-9a1a-020c407d2d9d%26public%3Dy&sa=D&ust=1600075363908000&usg=AFQjCNHHQArlKTkBBHYTckDAQxriKjNq5A
Togashi Komhl#7296,Dragon,https://www.google.com/url?q=https://www.bushibuilder.com/l5r/deck/?deck%3D209b3e22-f2bc-11ea-83ff-020c407d2d9d%26public%3Dy&sa=D&ust=1600075363908000&usg=AFQjCNFynyR61DvirOe0P-1U-5zhtGM-ng
MegurineLuka#5948,Lion,https://www.google.com/url?q=https://www.bushibuilder.com/l5r/deck/?deck%3D8162e9a8-d8e0-11ea-83ff-020c407d2d9d%26public%3Dy&sa=D&ust=1600075363908000&usg=AFQjCNHbOA1VQAhVMt4EhqH2sbzANieMJA
KailamPD#1447,Lion,https://www.google.com/url?q=https://fiveringsdb.com/strains/808a8b69-d5c7-11ea-9d53-22d334ba48b8/view&sa=D&ust=1600075363908000&usg=AFQjCNEYpjSHHtTAUkQXO8R4NM5nOpyeZA
MikeD-Vpower#8273,Lion,https://www.google.com/url?q=https://www.bushibuilder.com/l5r/deck/?deck%3Dea71c553-f14e-11ea-83ff-020c407d2d9d%26public%3Dy&sa=D&ust=1600075363909000&usg=AFQjCNFbRhV_aGJSejy4ib_1ECtIslAKXg
phoenixflame314#8784,Phoenix,https://www.google.com/url?q=https://www.bushibuilder.com/l5r/deck/?deck%3D9c65d6f1-f3c3-11ea-83ff-020c407d2d9d%26public%3Dy&sa=D&ust=1600075363909000&usg=AFQjCNENGZoT_0SzasHi2xsgdhEcQqzr5Q
Nemesis#0525,Phoenix,https://www.google.com/url?q=https://fiveringsdb.com/strains/1f786ada-f46b-11ea-9d53-22d334ba48b8/view&sa=D&ust=1600075363909000&usg=AFQjCNF2c7soCc5JdubV7pMPO0D3IEyVog
fleepa0#6482,Phoenix,https://www.google.com/url?q=https://www.bushibuilder.com/l5r/deck/?deck%3D76f2872d-f2f3-11ea-83ff-020c407d2d9d%26public%3Dy&sa=D&ust=1600075363909000&usg=AFQjCNHFLtOpzKL9FbutZM1xmncfShKTxA
Kouneli#5469,Scorpion,https://www.google.com/url?q=https://www.bushibuilder.com/l5r/deck/?deck%3Dbc06afb7-f1c9-11ea-83ff-020c407d2d9d%26public%3Dy&sa=D&ust=1600075363909000&usg=AFQjCNEWrTdcm6arphXtauYvlWGgZeSzKA
Brandon#0712,Scorpion,https://www.google.com/url?q=https://www.bushibuilder.com/l5r/deck/?deck%3D2955fe90-f49b-11ea-83ff-020c407d2d9d%26public%3Dy&sa=D&ust=1600075363909000&usg=AFQjCNH2txHXT50Xwt4LQE5nw5tbgrPp2A
MarioBlanco#4739,Scorpion,https://www.google.com/url?q=https://www.bushibuilder.com/l5r/deck/?deck%3D6cf626ec-cd9b-11ea-83ff-020c407d2d9d%26public%3Dy&sa=D&ust=1600075363909000&usg=AFQjCNG3zCd-OHy812f_s97EWzSPELSq2A
BigHammer#2441,Unicorn,https://www.google.com/url?q=https://www.bushibuilder.com/l5r/deck/?deck%3D0475ac2e-eec8-11ea-83ff-020c407d2d9d%26public%3Dy&sa=D&ust=1600075363910000&usg=AFQjCNGV8isVgA5dfH4YeMBfeA33WD-QWA
guyhancock#1462,Unicorn,https://www.google.com/url?q=https://www.bushibuilder.com/l5r/deck/?deck%3D9475ac1a-f271-11ea-83ff-020c407d2d9d%26public%3Dy&sa=D&ust=1600075363910000&usg=AFQjCNHhZULHKnVqRi_vtKgYeXo8eJBjzg
action_johnny#0591,Unicorn,https://www.google.com/url?q=https://www.bushibuilder.com/l5r/deck/?deck%3D34723004-e71d-11ea-83ff-020c407d2d9d%26public%3Dy&sa=D&ust=1600075363910000&usg=AFQjCNFRI_AOnjH-SNlaW8IYT_JacPDd6A
Usagi#0328,Crab,https://www.google.com/url?q=https://www.bushibuilder.com/l5r/deck/?deck%3Dccf7c863-f2e3-11ea-83ff-020c407d2d9d%26public%3Dy&sa=D&ust=1600075363910000&usg=AFQjCNG9qdD-mxzWpd9N53j9FGpBxIpluQ
Vidarr#0476,Crab,https://www.google.com/url?q=https://www.bushibuilder.com/l5r/deck/?deck%3Da822460d-f549-11ea-83ff-020c407d2d9d%26public%3Dy&sa=D&ust=1600075363911000&usg=AFQjCNH7Ue5opuY_AnQV-VeeJH1mzT0Ejw
PolleBergman#2942,Crab,https://www.google.com/url?q=https://www.bushibuilder.com/l5r/deck/?deck%3Dccb43bf0-f530-11ea-83ff-020c407d2d9d%26public%3Dy&sa=D&ust=1600075363911000&usg=AFQjCNEyqwe-pYpr7rDiXWzU6oJAYoXEzA
Jeremey#2822,Crane,https://www.google.com/url?q=https://www.bushibuilder.com/l5r/deck/?deck%3D6539e951-f536-11ea-83ff-020c407d2d9d%26public%3Dy&sa=D&ust=1600075363911000&usg=AFQjCNGv9J6hIFkLJG295H-UhRRCk31cJw
Kakita-Ryou#2137,Crane,https://www.google.com/url?q=https://www.bushibuilder.com/l5r/deck/?deck%3D33f1a64a-f535-11ea-83ff-020c407d2d9d%26public%3Dy&sa=D&ust=1600075363911000&usg=AFQjCNElI_7rAsGsieV1XOQ_vBL_aAO8sQ
Kakita Komai#3326,Crane,https://www.google.com/url?q=https://www.bushibuilder.com/l5r/deck/?deck%3Ded3449ea-f546-11ea-83ff-020c407d2d9d%26public%3Dy&sa=D&ust=1600075363911000&usg=AFQjCNEN8DxqtGZZhYgmIyhNw2IHxRjdiQ
Neojko#6212,Dragon,https://www.google.com/url?q=https://www.bushibuilder.com/l5r/deck/?deck%3Db5772f9a-f535-11ea-83ff-020c407d2d9d%26public%3Dy&sa=D&ust=1600075363911000&usg=AFQjCNFY3o-jSqNNo38UzH2uys_HxrJnHA
Gohan#2047,Dragon,https://www.google.com/url?q=https://www.bushibuilder.com/l5r/deck/?deck%3D869335a5-f535-11ea-83ff-020c407d2d9d%26public%3Dy&sa=D&ust=1600075363912000&usg=AFQjCNEbjjABOlBXmSL5u9uf_w77wYLSQA
Rairyu#0810,Dragon,https://www.google.com/url?q=https://www.bushibuilder.com/l5r/deck/?deck%3D75c0c7ed-f535-11ea-83ff-020c407d2d9d%26public%3Dy&sa=D&ust=1600075363912000&usg=AFQjCNGBYw2zAFNAOKObAj2n5Kuw-GELxw
clenyu#4998,Lion,https://www.google.com/url?q=https://www.bushibuilder.com/l5r/deck/?deck%3D72c99d4b-f591-11ea-83ff-020c407d2d9d%26public%3Dy&sa=D&ust=1600075363912000&usg=AFQjCNFSsNt2nTFuoUoXY2E1okT18w63ww
Bill_Kirlisarmy#1737,Lion,https://www.google.com/url?q=https://www.bushibuilder.com/l5r/deck/?deck%3D458c91f3-f536-11ea-83ff-020c407d2d9d%26public%3Dy&sa=D&ust=1600075363912000&usg=AFQjCNFpErfFJ9znI8CoiHfvBfyTXm7epw
Pythagoras#0023,Lion,https://www.google.com/url?q=https://www.bushibuilder.com/l5r/deck/?deck%3D97524c17-f537-11ea-83ff-020c407d2d9d%26public%3Dy&sa=D&ust=1600075363912000&usg=AFQjCNG5w4TOp-4QOKUuS6__Z30O0BDXcA
Mind’s Desire#1911,Phoenix,https://www.google.com/url?q=https://www.bushibuilder.com/l5r/deck/?deck%3D5bfa27dc-f537-11ea-83ff-020c407d2d9d%26public%3Dy&sa=D&ust=1600075363912000&usg=AFQjCNGfLfoEN1_5N3JnD1aq02VVbYy9Bw
KasugaFutsume#7343,Phoenix,https://www.google.com/url?q=https://www.bushibuilder.com/l5r/deck/?deck%3D471e175b-f537-11ea-83ff-020c407d2d9d%26public%3Dy&sa=D&ust=1600075363913000&usg=AFQjCNFz00QtgGo2SVt_8Xnb1-XA27JJvw
Kasparas#5481,Phoenix,https://www.google.com/url?q=https://www.bushibuilder.com/l5r/deck/?deck%3D4fe5076e-f537-11ea-83ff-020c407d2d9d%26public%3Dy&sa=D&ust=1600075363913000&usg=AFQjCNHbS3NCiYwEg6RhfpjIIs7ICuGmPQ
Kohsaka#0676,Scorpion,https://www.google.com/url?q=https://www.bushibuilder.com/l5r/deck/?deck%3D5902006f-f533-11ea-83ff-020c407d2d9d%26public%3Dy&sa=D&ust=1600075363913000&usg=AFQjCNGNj31Or_caxu-5bVmOMyzILHoghg
Siri#3954,Scorpion,https://www.google.com/url?q=https://www.bushibuilder.com/l5r/deck/?deck%3D0db70747-f533-11ea-83ff-020c407d2d9d%26public%3Dy&sa=D&ust=1600075363913000&usg=AFQjCNEPbhs0E_M2ovLqO2ZyOBYjwqNe7g
nyxnyxnyx#6085,Scorpion,https://www.google.com/url?q=https://www.bushibuilder.com/l5r/deck/?deck%3Dda94b4ed-f532-11ea-83ff-020c407d2d9d%26public%3Dy&sa=D&ust=1600075363913000&usg=AFQjCNGSPVgfQLEMxUBi8jPdrvRZbgKdsA
Ide Leenath#9606,Unicorn,https://www.google.com/url?q=https://www.bushibuilder.com/l5r/deck/?deck%3D6c8e7854-f531-11ea-83ff-020c407d2d9d%26public%3Dy&sa=D&ust=1600075363913000&usg=AFQjCNGfok8A_jqX3qowTaAvVEGns4hQQQ
Yoritomo Alex#4401,Unicorn,https://www.google.com/url?q=https://www.bushibuilder.com/l5r/deck/?deck%3D62802a0a-f531-11ea-83ff-020c407d2d9d%26public%3Dy&sa=D&ust=1600075363913000&usg=AFQjCNE-pN2pP4Ifd7WqDBAN4Vv0SEO7Ww
Daidoji Hikori#3711,Unicorn,https://www.google.com/url?q=https://www.bushibuilder.com/l5r/deck/?deck%3Dae09e43c-f531-11ea-83ff-020c407d2d9d%26public%3Dy&sa=D&ust=1600075363914000&usg=AFQjCNGK7nsP-AGEN8DyMywhhEJd1g6Smw
pintorpin#1216,Crab,https://www.google.com/url?q=https://www.bushibuilder.com/l5r/deck/?deck%3D00640994-edcf-11ea-83ff-020c407d2d9d%26public%3Dy&sa=D&ust=1600075363914000&usg=AFQjCNFesc57VtHOQhuqM9TK0PUsnpUepw
Solzon#8059,Crab,https://www.google.com/url?q=https://www.bushibuilder.com/l5r/deck/?deck%3D98ef6981-f450-11ea-83ff-020c407d2d9d%26public%3Dy&sa=D&ust=1600075363914000&usg=AFQjCNEfKily45vjq0KDHpmvLnGn7EuCsg
Yanted#6818,Crab,https://www.google.com/url?q=https://www.bushibuilder.com/l5r/deck/?deck%3Da323f283-edc3-11ea-83ff-020c407d2d9d%26public%3Dy&sa=D&ust=1600075363914000&usg=AFQjCNFpPVCa3NBW1kdEIckAWfZ1iMuhcA
Erik#2965,Crane,https://www.google.com/url?q=https://www.bushibuilder.com/l5r/deck/?deck%3D458bee99-dafd-11ea-83ff-020c407d2d9d%26public%3Dy&sa=D&ust=1600075363914000&usg=AFQjCNExFlzNQkMyhCzs17EewV1n9-d06A
Nelis#3665,Crane,https://www.google.com/url?q=https://www.bushibuilder.com/l5r/deck/?deck%3Da678b9e1-f421-11ea-83ff-020c407d2d9d%26public%3Dy&sa=D&ust=1600075363915000&usg=AFQjCNHjdAVZWD35PWDg0--q9h0t2Nw6cg
AmLash#6168,Crane,https://www.google.com/url?q=https://www.bushibuilder.com/l5r/deck/?deck%3D98de7fdf-f39d-11ea-83ff-020c407d2d9d%26public%3Dy&sa=D&ust=1600075363915000&usg=AFQjCNF7vJ9iWVQ35LQyP6kOy1tRDSLaIA
KolbraKai#2650,Dragon,https://www.google.com/url?q=https://www.bushibuilder.com/l5r/deck/?deck%3Dd93d48b8-f3b2-11ea-83ff-020c407d2d9d%26public%3Dy&sa=D&ust=1600075363915000&usg=AFQjCNGesGYWHoDNB5Bt_ofm-dIrJg9IAA
WorkerBee#3527,Dragon,https://www.google.com/url?q=https://fiveringsdb.com/strains/854b0e92-eca0-11ea-9d53-22d334ba48b8/view&sa=D&ust=1600075363915000&usg=AFQjCNGXKlGJ9vFlcy9CZbDQPnzZWJHr0w
MichaelM#3255,Dragon,https://www.google.com/url?q=https://www.bushibuilder.com/l5r/deck/?deck%3D5c1efc72-f482-11ea-83ff-020c407d2d9d%26public%3Dy&sa=D&ust=1600075363915000&usg=AFQjCNEsmr7-FnF-ATCj_DEexINnoYQ6kw
AkodoT2#8381,Lion,https://www.google.com/url?q=https://fiveringsdb.com/strains/06ec0aed-d5a9-11ea-9d53-22d334ba48b8/view&sa=D&ust=1600075363915000&usg=AFQjCNFqAoxuZ9QKCLjjKK82Kn-1Rx66tg
Miniindahouse#7492,Lion,https://www.google.com/url?q=https://fiveringsdb.com/strains/460269eb-dfec-11ea-9d53-22d334ba48b8/view&sa=D&ust=1600075363915000&usg=AFQjCNF5vMH_i587krI9zxRfg-4OUimQPw
Pushy Mushy#1871,Lion,https://www.google.com/url?q=https://www.bushibuilder.com/l5r/deck/?deck%3Dbc71cfbf-f453-11ea-83ff-020c407d2d9d%26public%3Dy&sa=D&ust=1600075363916000&usg=AFQjCNHDdtDi1rxqJPMHo-YcxoEBvpRC6w
Algahra#6531,Phoenix,https://www.google.com/url?q=https://www.bushibuilder.com/l5r/deck/?deck%3D2e012111-f2ac-11ea-83ff-020c407d2d9d%26public%3Dy&sa=D&ust=1600075363916000&usg=AFQjCNGyxNDkTt4ayyNjM9N_0emCYpZcdQ
Kaza#6609,Phoenix,https://www.google.com/url?q=https://www.bushibuilder.com/l5r/deck/?deck%3D25ff72b5-f3d8-11ea-83ff-020c407d2d9d%26public%3Dy&sa=D&ust=1600075363916000&usg=AFQjCNGJ248iic1_574H71PzNTAq0h7Whg
jmart#6576,Phoenix,https://www.google.com/url?q=https://www.bushibuilder.com/l5r/deck/?deck%3D60c46712-f48a-11ea-83ff-020c407d2d9d%26public%3Dy&sa=D&ust=1600075363916000&usg=AFQjCNGVVNoXOaVd9zJTXdb0G8Zei0bABw
Wydwen#0728,Scorpion,https://www.google.com/url?q=https://www.bushibuilder.com/l5r/deck/?deck%3D82788cc0-f397-11ea-83ff-020c407d2d9d%26public%3Dy&sa=D&ust=1600075363916000&usg=AFQjCNEq7999d5JZbjD5Bou7hcyB17OHuA
Calimsha#5101,Scorpion,https://www.google.com/url?q=https://fiveringsdb.com/strains/2607817f-f449-11ea-9d53-22d334ba48b8/view&sa=D&ust=1600075363917000&usg=AFQjCNHrH3dsj_NbwCakAfskIRGKk-g07A
Adam H#9712,Scorpion,https://www.google.com/url?q=https://www.bushibuilder.com/l5r/deck/?deck%3Dbab2e379-f120-11ea-83ff-020c407d2d9d%26public%3Dy&sa=D&ust=1600075363917000&usg=AFQjCNGAAgd-cumpvTcrKrMQCXxuc4g-fQ
christian#3276,Unicorn,https://www.google.com/url?q=https://www.bushibuilder.com/l5r/deck/?deck%3D4f840b7c-ed63-11ea-83ff-020c407d2d9d%26public%3Dy&sa=D&ust=1600075363917000&usg=AFQjCNGdafBegNByFwqQpiuyuTJSkHqUlw
Octave#4316,Unicorn,https://www.google.com/url?q=https://www.bushibuilder.com/l5r/deck/?deck%3De6a1763b-e339-11ea-83ff-020c407d2d9d%26public%3Dy&sa=D&ust=1600075363917000&usg=AFQjCNHYOYHMd2BWl_LTZT1iYFmt2hrJRQ
DaMurf#2691,Unicorn,https://www.google.com/url?q=https://www.bushibuilder.com/l5r/deck/?deck%3D4cb83a96-e2e2-11ea-83ff-020c407d2d9d%26public%3Dy&sa=D&ust=1600075363917000&usg=AFQjCNEYEB67nWycgnVYMiYVyGhUzw5Ygg
Enegon#8434,Crab,https://www.google.com/url?q=https://www.bushibuilder.com/l5r/deck/?deck%3D72bb3c3f-f542-11ea-83ff-020c407d2d9d%26public%3Dy&sa=D&ust=1600075363918000&usg=AFQjCNH1D0PBcYYrla520MPbjkaafpUPiw
JeremiahBlitz#3009,Crab,https://www.google.com/url?q=https://www.bushibuilder.com/l5r/deck/?deck%3D6159cd18-f542-11ea-83ff-020c407d2d9d%26public%3Dy&sa=D&ust=1600075363918000&usg=AFQjCNFR2CpEw3skfYowzc6vx1fzwp2lhw
Thiago Aqua#6091,Crab,https://www.google.com/url?q=https://www.bushibuilder.com/l5r/deck/?deck%3D5336d8fb-f542-11ea-83ff-020c407d2d9d%26public%3Dy&sa=D&ust=1600075363918000&usg=AFQjCNFPhQG-Fxm1McdGguZTcDw11pY9tw
SlyNight#2377,Crane,https://www.google.com/url?q=https://www.bushibuilder.com/l5r/deck/?deck%3D5c0368e3-f541-11ea-83ff-020c407d2d9d%26public%3Dy&sa=D&ust=1600075363918000&usg=AFQjCNEcth_hmgYF7mhedTdUwkoP8TpFbg
espie#0253,Crane,https://www.google.com/url?q=https://www.bushibuilder.com/l5r/deck/?deck%3Dbd5d8afe-f540-11ea-83ff-020c407d2d9d%26public%3Dy&sa=D&ust=1600075363919000&usg=AFQjCNE15ylveGO5Z1Pxc4i9h7YL_qCiMg
elrodogg#2768,Crane,https://www.google.com/url?q=https://www.bushibuilder.com/l5r/deck/?deck%3Da55fdef1-f540-11ea-83ff-020c407d2d9d%26public%3Dy&sa=D&ust=1600075363919000&usg=AFQjCNGFZFOCiWCtFsya_Mj-hp9dlvohWQ
arash_suri#3491,Dragon,https://www.google.com/url?q=https://www.bushibuilder.com/l5r/deck/?deck%3D5276c2cd-f540-11ea-83ff-020c407d2d9d%26public%3Dy&sa=D&ust=1600075363919000&usg=AFQjCNF5jqeHyyhrP6Jd8m6vXJ52eXl5zQ
Pascek#7102,Dragon,https://www.google.com/url?q=https://www.bushibuilder.com/l5r/deck/?deck%3D13217c4f-f540-11ea-83ff-020c407d2d9d%26public%3Dy&sa=D&ust=1600075363919000&usg=AFQjCNGyUl3AFOPPVv6tDb7H9BEAvWcqPQ
kingmofo#2460,Dragon,https://www.google.com/url?q=https://www.bushibuilder.com/l5r/deck/?deck%3Dbe8cd190-d933-11ea-83ff-020c407d2d9d%26public%3Dy&sa=D&ust=1600075363919000&usg=AFQjCNFFqbLRKa8hjEPvaG4rbhmRXgf1NA
bill.jr#4198,Lion,https://www.google.com/url?q=https://www.bushibuilder.com/l5r/deck/?deck%3D8d708143-f547-11ea-83ff-020c407d2d9d%26public%3Dy&sa=D&ust=1600075363919000&usg=AFQjCNHiMjI8D1JB2Bl3TsTYgbunEBT-_Q
Khagdar#9518,Lion,https://www.google.com/url?q=https://www.bushibuilder.com/l5r/deck/?deck%3Dba9f5274-f53e-11ea-83ff-020c407d2d9d%26public%3Dy&sa=D&ust=1600075363920000&usg=AFQjCNEl3mclUg1tO5YrDSAQ0Y1IbSfsGA
Celestino#7770,Lion,https://www.google.com/url?q=https://www.bushibuilder.com/l5r/deck/?deck%3Da8953cf9-f53e-11ea-83ff-020c407d2d9d%26public%3Dy&sa=D&ust=1600075363920000&usg=AFQjCNEso86AVhFieXnE2mPb06vI59tugA
Ignithas#3696,Phoenix,https://www.google.com/url?q=https://www.bushibuilder.com/l5r/deck/?deck%3D6caba12f-f53e-11ea-83ff-020c407d2d9d%26public%3Dy&sa=D&ust=1600075363920000&usg=AFQjCNGe9lTvGzalRYk7bcROfX-KCwbjBA
Laskas#1630,Phoenix,https://www.google.com/url?q=https://www.bushibuilder.com/l5r/deck/?deck%3D17f2889b-f53e-11ea-83ff-020c407d2d9d%26public%3Dy&sa=D&ust=1600075363920000&usg=AFQjCNEUawCqMA7y6GzbeFXKDrYkIIKEwA
Pryrios#8471,Phoenix,https://www.google.com/url?q=https://www.bushibuilder.com/l5r/deck/?deck%3D53596b26-f53e-11ea-83ff-020c407d2d9d%26public%3Dy&sa=D&ust=1600075363920000&usg=AFQjCNGxKbit2ehn47Yf8zBPRnYU_qSTlQ
ZELOisBack#2201,Scorpion,https://www.google.com/url?q=https://www.bushibuilder.com/l5r/deck/?deck%3D33c360ac-f53d-11ea-83ff-020c407d2d9d%26public%3Dy&sa=D&ust=1600075363920000&usg=AFQjCNE-Z-P0_HsbeejbAIDDm4eSavFM5A
KCOOREY#2197,Scorpion,https://www.google.com/url?q=https://www.bushibuilder.com/l5r/deck/?deck%3D06bb1173-f53d-11ea-83ff-020c407d2d9d%26public%3Dy&sa=D&ust=1600075363920000&usg=AFQjCNF6Z4zbCXF0jzp_kt5U0kmAAHtsyA
Frankie#1327,Scorpion,https://www.google.com/url?q=https://www.bushibuilder.com/l5r/deck/?deck%3D158ffd91-f53d-11ea-83ff-020c407d2d9d%26public%3Dy&sa=D&ust=1600075363921000&usg=AFQjCNHUKPr301aDdMyF5r8AiYqAzXAXOg
Yônggân#0362,Unicorn,https://www.google.com/url?q=https://www.bushibuilder.com/l5r/deck/?deck%3D777e43fe-f53b-11ea-83ff-020c407d2d9d%26public%3Dy&sa=D&ust=1600075363921000&usg=AFQjCNEYdXcMFeIb5M9-iyDPhLvMhEfYGA
sigg0#9282,Unicorn,https://www.google.com/url?q=https://www.bushibuilder.com/l5r/deck/?deck%3D478c1d47-f53c-11ea-83ff-020c407d2d9d%26public%3Dy&sa=D&ust=1600075363921000&usg=AFQjCNEdCUVHMD7XIPpqinPubJ4kclMk3w
DirtyDeeds#9918,Unicorn,https://www.google.com/url?q=https://www.bushibuilder.com/l5r/deck/?deck%3D2240fe4e-f53c-11ea-83ff-020c407d2d9d%26public%3Dy&sa=D&ust=1600075363921000&usg=AFQjCNG-raOwwZHNiP0DPEZGzD63ErmOQA
